preprocessed_text,label_sentiment
hah ini buku teks terbit mana di buku teks kurikulum merdeka terbit kemdikbudristek semua materi sudah punya perspektif tara gender kerja rumah laku dengan gotong royong di ilustrasi pun yang sapu amp kepel bukan cuma anak perempuan,0
untuk temanteman yang sulit paham kurikulum merdeka saya bantu lalu kronologi sulit besar karena sampai final sebut kurikulum merdeka menteri terbit banyak nama kurikulum kurikulum merdeka ganti kurikulum inspirasi dari,0
kurikulum merdeka adalah kurikulum tergajelas anak kelas sd suruh bikin prakarya dan jual terus hitung untung rugi permisi anak saya masih ndusel ke leher saya kalau mau tidur suruh cari laba hasil jual gantung kunci,0
ini hasil karya kurikulum merdeka rezim sekarang apa terus kita diam saja pasrah enggak ikut politik an,0
baca alas hapus jurus kurikulum merdeka ini saya tuju dulu nyaksiin sendiri teman maksa pindah ke swasta supaya dapat jurus ipa padahal dia enggak mau,0
gue saudara lakilaki korban ubah kurikulum merdeka,0
hasil kurikulum merdeka nadiemmakarim panjang osis banyak yang enggak tau kurikulum gagal dan menteri gagal,0
selamat atas luncur sastra masuk kurikulum baca sastra kini jadi bagi dari kurikulum merdeka banyak judul telah rasi oleh para kurator pilih mana yang masuk jenjang didik sd sampai hingga sma lengkap bisa kepo,0
adiemappunya tanyakanrl daripada misuh lebih arah kaget telah baca struktur kurikulum merdeka transisi jauh banget beda banget sampai anak sama bisa pilih mapel pilih tuh woow mana bates transisi cuma sampai moga kejar deh siap tenaga dan fasilitas ajar nya,0
un yang baik kualitas soal amp tuju asesmennya untuk meta bahkan dipretelin zonasi beranta bikin anakanak enggak sekolah amp kurikulum merdeka implementasi bikin sulit guru snbt uji mata ajar hilang dosa jokowi paling akbar itu nadiem,0
output didik kurikulum merdeka kemdikbud ri besut nadiemmakarim sih menteri didik gagal kurikulummerdeka,0
kurikulum merdeka kalau ada yang rumit kapai pilih yang gampang ngik,0
guyss kalian yang sama nya pakai kurikulum merdeka pusing juga enggak sih sama tugas,0
kurikulum merdeka itu letak merdeka mana ya,0
smenjak kurikulum merdeka saya jadi takut sekolah bejir rasa kayak enggak tenang gelisah dan waswas melulu kalo mau berangkat,0
gue sebel sama beban kelompok anjenkkkkkkk kurikulum merdeka kenapa kelompok melulu sih tugas syal,0
belakang sedikit ikut topik tentang kurikulum merdeka baru ingat dulu gue pas kuliah pernah tulis curhatan tentang kurikulum yang nyata mirip dengan konsep kurikulum merdeka sekarang untung ada wayback machine jadi bisa lihat lagi postingan lama gue repost lagi sini,0
mdy iya bagaimana iya beliau kan lebih expe di bisnis tapi taruh di bagi didik tuh kayak bagaimana begitu dari awal juga yang waktu sama pak anies saja yang kurtilas rasa beban padahal pak anies ahli apalagi ini kurikulum merdeka cerita tapi bahkan bikin pusing,0
makin kuat prasangka gue dan zonasi kurikulum merdeka enggak ada asesmen standar untuk mapel finladia wannabe pmm abai hadap kapasitas guru pegang itu semua adalah skema nadiem untuk busuk negeri,0
ini kurikulum merdeka orang tua asal percaya aja anak jadi rusak,0
hasil kerja kurikulum merdeka nadiem bagai mendikbud lulus sekolah indonesia tidak aku dan harus tempuh proses khusus untuk dapat lanjut di university of twente terima kasih pak jokowi,0
kurikulum didik nusantara anak kelas sd diniyah plus kurikulum merdeka baru masuk paksa tulis tentang definisi kode etik dalam tik di mata ajar tik apa urgensi begitu lho kirakira sih nadiemkarim paham enggak perkara etik tik ini,0
indonesia darurat keras seksual di sekolah kurikulum merdeka bisa apa,0
dulu mikir itu sudah yang buruk tapi masih ada kurikulum merdeka yang nyata lebih buruk,0
tahun masa perintah presiden joko widodo telah keluar bijak zonasi dan kurikulum merdeka dengan tuju tingkat kualitas didik namun jauh mana perintah telah beri dukung yang pada bagi sekolah guru dan siswa dalam implementasi bijak,0
zakkafm irwndfrry un hapus dan zonasi kenapa tetap tahan karena biaya un dan seleksi sekolah itu biaya besar masuk kurikulum merdeka jadi paksa kreatif dengan modal sendiri,0
kurikulum merdeka is fucking shit untung masih pakai,0
soundofyogi gue kira gue doang yang bingung sama korelasi apa garagara habis pusing beres lapor ini dampak kurikulum merdeka apa biasa komparasi dapat yang tidak apple tapi apple,0
penjara kan dia yang rusak generasi indonesia emas jadi indonesi cemas dengan tuju makin banyak yang bakal jadi driver aplikasi sudah begitu tarif driver buat murah mungkin dan biaya layan besar mungkin bangkai memang kurikulum merdeka bahkan bikin sengsara,0
negativisme hapus kan kurikulum merdeka kembali marwah guru yang injak sistem dan tidak bisa beri disipliner kepada siswa yang masalah mental,0
cara menjawa soal latih pecah kelas sd kurikulum merdeka,0
nenkmonica nadiemmakarim rill rasai banget susah kurikulum merdeka guru bingung plus banyak administrasi jadi enggak fokus ajar ke anak,0
kur merdeka saya rasa standar internasional but not the best for us jadi gimana pilih salah satu pondasi yang turut perintah baik kurang tambah jangan ubah ganti presiden kurikulum jangan ganti sistem didik baik tetap for long term jangan ikut periode presiden,0
kumpar setujuuuuuu pak kurikulum merdeka adalah kurikulum paling amburadul kurikulum paling bodoh yang pernah ada di republik indonesia,0
kurikulum merdeka bukan merdeka bahkan tambah derita hari minggu bukan buat hiling bahkan buat ngerjain tugas yang bikin pusing,0
gelap terang implementasi kurikulum merdeka,0
lho kalau begitu mimind sudah laksana kurikulum merdeka dari tahund dong yakin deh kanan dan kiri itu diajarkand cumand yang pendek djadi favorit karena kalian sendiri,0
saya lihat kurikulum merdeka itu kurang efektif anakanak jadi jarang tulis namun suka presentasi amp itu materi banyak lihat copas dari google benarbenar enggak ada beda kalimat dengan google telah itu presentasi pun bukan paham bahkan kayak angin lewat doang,0
mulai ada perspektif kurikulum merdeka itu karena ikut finland itu dari mana ya tau gue kenapa muncul kurikulum merdeka ini dasar butuh yang akan hadap siswa di abad,0
salah satu hasil dari kurikulum merdeka miris itu dulu anakanak sd juga sudah hafal dar seperti itu buka uud uud gbhn dll kalo bocah sekarang dari pancasila juga masih belepotan,0
tanyakanrl dokter lulus kurikulum merdeka entar begini ini banyak atau lebih parah wkwkwkwkwk,0
hmmapanamanya sheandwhite ridwanhr tapi dengan logika kayak begitu harusny lulus kurikulum merdeka sudah bisa hitung dasar karena itu dasar banget buat cari duit tapi nyata kan masih banyak yang keteter untuk prhitungan dasar doang bayang hitung dasar saja masih belum bisa bagaimana mau survive di dunia penuh ini,0
taka bibit rusa sudah mulai sejak benar saat peran guru dalam kbm reduksi jadi beri feedback instead of ajar parah sama sistem full day tahun yang bikin kbm makin enggak efektif kurikulum merdeka cuma lanjut busuk yang sudah ada cuma beda kemas aja,0
shintaeffendi elisa jkt itu judul kurikilum merdeka tuju bodoh lokal siswasiswi tidak standar nasional sd sampai sama,0
zanatul di mana saya bisa dapat naskah akademik atau informasi kait kurikulum merdeka ini pak atau ada bahan baca yang dapat tuntun saya dalam paham kurikulum merdeka ini terima kasih banyak,0
sumpah kurikulum sekolah sekarang memang kacau bgt soal kalau di banding jaman yang pakai ktsp sampai ke mix tuh jauh lebih mending daripada tiga adek adekku yang masih sd pakai kurikulum merdeka bahkan buku paket sama lks saja iya allah kayak bagaimana iya jelas beda bgt,0
kemendikbud bicara soal sekolah yang terap kurikulum merdeka lama tahun sebut alami tingkat kompetensi literasi bagaimana turut kamu detikers gtgt detikcom,0
nakmandiri selain itu kurikulum merdeka tidak beban murid dengan pr sehingga banyak anak sekarang banyak waktu luang yang guna untuk hal ini juga rupa peran penting orang tua dalam didik anak orang tua sekarang terlalu lelah cari cuan tahu sendiri sekarang saing kerja,0
tapi jadi penasaran juga yang salah di kurikulum merdeka itu bagaimana kok yang sebar di internet sekarang jadi gitu pengin ngecek apakah memang sekarang jadi bodoh itu atau benar makin banyak yang pintar tapi tutup sama konten,0
nenkmonica nadiemmakarim gara gara kurikulum merdeka tuh banyak yang nyepelein pasti bakal bilang paling lulus semua ckckckck,0
kurikulum merdeka baru tahun laku untuk seluruh sekolahbuat gue justru ini masalah karena pandemi kemarin,0
kumpar iya begitu kalau menteri didik dengan tahu amp alam ngakali dengan yang anehaneh yang mau untung sendiri iya jadi rusak didik kita kurikulum merdeka itu sama sistem mitra ojol iya pak alibi juga sama enggak paksa kata,0
mdy jelas gagal realitanya ini orang bikin bagi siswa jadi tambah malas sejak un di hapus bikin kurikulum merdeka yang ribet banyak giat tapi bukan bagai tolak ukur lulus atau tidak ya siswa pada mikir kapai giat ini itu toh juga tetap lulus,0
nenkmonica nadiemmakarim kurikulum merdeka namun apa yang merdeka para ajar makin sulit memanage waktu makin malas makin setress attitude tata krama turun salah gaul kembang gagal pol deh,0
nenkmonica nadiemmakarim bahkan total turut saya sih kurikulum merdeka yang tukertukeran mahasiswa beda prodi bahkan bikin pusing enggak linier ilmu kalau lihat kurikulum bingung mau sebut sarjana apa,0
cerna dua kalimat ini itu butuh logika matematika sederhana kalau ambil salah satu terus jengkel coba cek lagi nilai matematika smanya eh lupa kan kurikulum merdeka iya,0
salah satu klaim yang paling bikin sakit kepala adalah klaim bahwa kurikulum merdeka itu asal dari guru ingat kami sejak semua ubah itu format buat dulu oleh tim khusus baru kemudian bagai organ prof guru undang untuk validasi,0
tampak anak smk kelas hari ini adalah hasil waris lulus sd pandemi dengan privilage lulus plus kurikulum merdeka nadiemmakarim yang benarbenar merdeka alias kondisi bodoh sudah begini masih ikut buat pandemi lagi pak prabowo stopplandemit,0
kurikulum merdeka aneh,0
salah satu wujud kurikulum merdeka,0
sumpah kurikulum merdeka buat saya stres anjirttt tiap hari presentasi melulu,0
kurikulum merdeka maksud bagaimana ya aku sudah search gugel masih bingung jg terima kasih,0
akan tidak bosan timbul polemik dan kontroversi kali ini kemendikbudristek pimpin nadiem kembali buat heboh kemedikbud banyak rekomendasi karya sastra murah yang umbar adegan seksualitas dan persenggamaan bagai bahan baca cara resmi untuk guru dan,0
salah satu hasil kurikulum merdeka entah buta huruf entah buta entah,0
jakarta post maret dua tahun lalu saat itu nadiem makarim nyata bahwa kurikulum ini pilih yang tidak paksa kenyataanya sekolah yang tidak segera terap segera tinggal oleh semua program menteri kini prediksi bukti paradoks bebas semu,0
anak smk kelas hari ini adalah anakanak waris lulus sd pandemi dengan privilage lulus dengan kurikulum merdeka nadiemmakarim yang benarbenar merdeka dari ilmu dasar alias kondisi bodoh tapi coba tanya mereka apa yang viral di tiktok hari ini jago deh,0
nenkmonica nadiemmakarim kurikulum merdeka tuh kurikulum terngga jelas guru bingung murid bingung menteri cuma cuap cuap doang lagi,0
revonugroho tanyarlfes korban sistem didik memang kurikulum merdeka sudah dari kapan tahun lalu di video itu sama ada beberapa basic knowledge sampai tetap saja dia enggak tau jawab masih clear memang bloon saja malas enggak mau ajar apa karena sistem ini semua siswa jadi bego ada juga yang pintar,0
nadiemmakarim prabowo stopplandemit sumandogaek mamakchayank seekracle bukanantarkota dokter kampung pongrekundharma faraz kepri kurikulum merdeka itu baru banget mandatori sekolah pakai kurmer itu juga baru tahun belakang sedang anak smk sekarang kelas sudah sd sejak pola didik sudah bobrok jauh belum itu kurmer hanya finishing bobrok tsb,0
baca ini gue o r o anjir kamu guru paud kemang enggak mau napak lihat lingkung sekitar kalau kurikulum merdeka tuh jelek banget njinkk salah anak sama orang tua yang gasiap iya memang indonesia gasiap pakai kurikulum giniann,0
kurikulum merdeka anak jual dagang buang,0
pernah saya sampai saat panja kurikulum merdeka di komisi kali bahwa hilang materi sejarah minat wawas global sangat kontradiktif dengan gagas bahwa kurikulum merdeka arah pada saing global dasar untuk saing seperti tahu sejarah wawas,0
kalo kurikulum merdeka begitu baru pkl pas kls awal jadi satu semester itu full pkl makanya enggak ada kasih materi dari sekolah kalo aku tuh mau les juga susah bagi waktu,0
padahal gen saja itu generasi yang paling apes sambut krismon kurikulum ktsp dadak ganti lalu ganti lagi jadi kurikulum merdeka belum lagi awal sambut pandemi global imbas usaha pada bangkrut tapi disalahin mulu,0
contoh deskripsi rapor kurikulum merdeka semester sdsma catat wali kelas untuk orang tua lewat tribunnews deskripsi rapor kurikulummerdeka sekolah didik,0
debordsbitch testimoni saya bagai anak sama kurikulum merdeka coba ribet keluar duit banyak guru jadi malas ajar dengan kedok kurikulum merdeka fakta tugas banyak tapi materi enggak nyangkut di otak kejarkejaran antara akademik sama projek antarsekolah tuh bedabeda,0
jangan sampai bijak kampus merdeka yang lama ini laksana rupa jadi salah satu strategi perintah mandul gera mahasiswa orientasi semua mahasiswa jadi kerja magang dan jadi profesional di luar kampus jadi malas organ dan jadi aktor gera,0
ini enggak bisa cuma jadi tugas kemendikbud doang kurikulum merdeka itu shortterm solution ini the paling literal sense hanya laku lama tahun dan itu masih enggak efektif untuk selesai masalah labor force mismatch belum lagi mindset bijak salah anggap,0
beda dapat doa qunut dalam salat subuh kunci jawab pai kelas hal kurikulum merdeka,0
harry poeze amp hank schulte nordholt merdeka the struggle for indonesia independence and the republic si precarious rise amsterdam amsterdam university press unduh sejarahindonesia catatanindonesia catatannusantara,0
jiwa merdeka malaysia madani sempena bulan merdeka tahun ini mari kita beristiqamah jiwa merdeka merdeka dari sikap assabiyah merdeka dari rasuah merdeka dari kaum merdeka dari tabiat sifat yang buruk jiwa merdeka malaysia madani kpkt gov,0
yang begini bukan praktek mapel biasa tapi kayak ala kurikulum merdeka,0
bang mbak vindhtr ini pernah misu soal kurikulum merdeka soal anak dia kelas sd suruh bikin prakarya terus jual habis itu hitung labarugi turut kamu saja sudah having sex atau belum tanya tolol juga sih ini korelasi apa,0
ndrypd ortu yang ada mungkin enggak suka lihat hal yang muluk susah jadi simpul kurikulum merdeka di anak sd sesuai sama amat masih belum tepat karena orang tua bagai dukung juga masih kurang bahkan yang lihat lebih effo tuh guru tak waktu itu,0
jokowi playbook entah itu pertalite sampai ke kurikulum merdeka cara main begini melulu emang,0
the us and indonesia is scarily similar ini the bad pa sometimes indotwt has similar concerns with kurikulum merdeka i swear,0
kalau rakyat satu turun ke jalan kalau sekarang hanya preman bayar yang turun ke jalan,0
guyssss here we gooo angkat pertama kurikulum merdeka sudah proyek akhir saja,1
ini soal sas matematika kelas semester kurikulum merdeka,1
enggak tau kenapa sender rasa semenjak kurikulum merdeka banyak kerja kelompok kalian begitu juga ga,1
soal ulang ips kelas dan kunci jawab sumatif tahun kurikulum merdeka semester lewat tribunnews,1
soal ulang bahasa indonesia kelas semester amp kunci jawab kurikulum merdeka tahun lewat tribunnews,1
baru tahu sekarang sekolah enggak pakai kurikulum merdeka lg tapi kurikulum deep learning wkwk,1
beliau ini belum pernah dengar keluh siswa kurikulum merdeka kah,1
dalam kamus indonesia g kolff amp co bandung kata merdeka asal dari bahasa sansekerta yakni maharddhikeka lalu serap jadi merdeheka kata merdeka milik arti lepas dari hamba tiada ikat pada sesuatu,1
revonugroho tanyarlfes itu salah satu faktor saja sih tetap kunci iya dari ajar sendiri enggak semua orang juga garagara kurikulum merdeka jadi enggak bisa yang ada karena malas saja pada enggak mau ajar picu ya kurikulum merdeka ini,1
soal ulang agama kristen kelas dan kunci jawab tahun kurikulum merdeka semester lewat tribunnews,1
soal ulang agama kristen kelas semester kurikulum merdeka lengkap kunci jawab tahun lewat tribunnews,1
fisika kelas semester dinamika partikel by gabriellstrn materi kelas fisika dinamika partikel semester kurikulum merdeka kurmer,1
gess ada yang tahu enggak paket mapel di kurikulum merdeka itu ada apa ajaa,1
contoh soal uas pkn kelas semester kurikulum merdeka lengkap dengan jawab,1
soal ulang antropologi kelas semester kurikulum merdeka lengkap kunci jawab tahun lewat tribunnews,1
akak ada kurikulum merdeka,1
ada yang punya catat materi seni tari kelas kurikulum merdeka enggak ya sender butuh banget soal t t,1
soal uaspas pai kelas semester kurikulum merdeka dan kuncijawabannya,1
kurikulum orang kurikulum merdeka,1
kurikulum merdeka yang gadang bisa tingkat perata kualitas didik implementasi jauh dari harap bagaimana ngga benchmarking nya sama sistem finlandia tapi fasilitas kualitas amp sejahtera guru saja jauh dah bagus jadi proposal saja ini kurikulum merdeka,1
kalau bahasa inggris nya kurikulum merdeka itu apa ya ada yang tau,1
telah enggak ada kurikulum merdeka mungkin kampus bakal senang mahasiswa enggak kabur lagi di semeester bangkitkantimrobot,1
ikut ini adalah beberapa contoh deskripsi rapor semester ganjil kurikulum merdeka jenjang sd sampai dan sma rapor kurikulum merdeka tidak hanya sekadar kumpul angka,1
informasi yang bisa realtime joki kimia kls kurikulum merdeka yang tidak pakai ai zonaba zonauang zonajajan,1
matematika lanjut kelas semester transformasi geometri guna matriks materi kelas matematika minat transformasi geometri semester kurikulum merdeka kurmer translasi,1
kalau kurikulum merdeka butuh laptop banget enggak siii,1
contoh soal ulang bahasa inggris kelas sd kurikulum merdeka dan kunci jawab uas sas lewat tribunnews arhan johny warisover afifah agaklaen banten tereliye rasulullah pramono eliano bahrain lanjutkanboikot welcomebackrenjun,1
ciriciri kalimat deklaratif dan contoh materi bahasa indonesia kurikulum merdeka lewat tribunnews arhan johny warisover afifah agaklaen banten tereliye miftah rasulullah pramono eliano bahrain lanjutkanboikot welcomebackrenjun,1
dengan kurikulum merdeka saat ini jika gaji guru akan ada tingkat signifikan kualitas didik didik itu bukan tentang kurikulum tapi tentang pimpin sekolah dan orangorang di sekolah,1
soal ulang sejarah kelas semester kurikulum merdeka lengkap kunci jawab tahun lewat tribunnews,1
telah terbit matematika smpmts kurikulum merdeka bukuerlangga klubbuku,1
soal uji mtk kelas sd kurikulum merdeka semester tahun dan kunci jawab sumatif lewat tribunnews,1
soal uji pjok kelas sd kurikulum merdeka semester tahun dan kunci jawab sumatif lewat tribunnews,1
soal pas uas sas informatika kelas semester kurikulum merdeka lengkap dengan link download pdf,1
soal uas sejarah indonesia kelas semester dan kunci jawab baru kurikulum merdeka lewat tribunnews uji uas sejarah kuncijawaban kurikulummerdeka,1
sch sender kurmer kurikulum merdeka dominan soshum kirakira bisa enggak iya snbp linjur ke saintek geo ugm kata snbp sekarang enggak bisa linjur terima kasih yang sudah mau jawab,1
guyss ada yang punya materi geografi kelas kurikulum merdeka ga aku cari enggak nemu kalau ada yang nemu tolong kirim kalau out of topic bilang iya biar aku tadi,1
podcast saya dengan kompas kena implementasi kurikulum merdeka dan masalahmasalahnya di lapang,1
aleamsbarra jangan sampai nadiem tahu produk ini nanti guru guru kurikulum merdeka wajib pakai kapur ini,1
dampak instan kurikulum merdeka,1
soal ulang bahasa inggris kelas dan kunci jawab tahun kurikulum merdeka semester lewat tribunnews,1
pak ini buku enggak ada yang lebih update hah kenapa emang presiden sekarang kan pak prabowo buku ips mu itu kurikulum merdeka terbit beliau bahkan belum ada dua bulan menjabaaaaaaattttt,1
sheandwhite kurikulum merdeka telah pantau enggak jauh beda sama standar didik us salah satu jumlah tapi pakai metode aljabar buat didik dini plek ketiplek kesan kayak oh didik negara maju kayak begini pakai ah batas itu,1
kurikulum merdeka merdeka kapan,1
contoh soal ulang agama kristen kelas sd kurikulum merdeka dan kunci jawab uas sas arhan johny warisover afifah agaklaen banten tereliye miftah rasulullah pramono eliano bahrain lanjutkanboikot welcomebackrenjun,1
kurikulum merdeka,1
soal uji agama katolik kelas sd kurikulum merdeka semester tahun dan kunci jawab lewat tribunnews,1
soal ulang bahasa jawa kelas semester lengkap kunci jawab kurikulum merdeka tahun lewat tribunnews,1
soal ulang geografi kelas semester kurikulum merdeka lengkap kunci jawab tahun lewat tribunnews,1
bagaimana dapat kalian tentang kurikulum merdeka,1
sammisoh efek kurikulum merdeka admin enggak bisa beda negara kolombia dengan filipina,1
soal ulang agama islam kelas dan kunci jawab tahun kurikulum merdeka semester lewat tribunnews,1
implementasi kurikulum merdeka dalam tingkat kualitas didik baca cilacapdotinfo,1
contoh soal ulang seni budaya kelas sd kurikulum merdeka dan kunci jawab sbdp arhan johny warisover afifah agaklaen banten tereliye miftah rasulullah pramono eliano bahrain lanjutkanboikot welcomebackrenjun,1
kurikulum merdeka murid merdeka bebas mau paham apa enggak,1
contoh soal ulang pjok kelas sd kurikulum merdeka dan kunci jawab uas sas lewat tribunnews arhan johny warisover afifah agaklaen banten tereliye miftah rasulullah pramono eliano bahrain lanjutkanboikot welcomebackrenjun,1
sekolah baru punya silup kenapa enggak pakai kurikulum merdeka,1
el sulfat kamentrader hasil dari kurikulum merdeka,1
jika sebut kurikulum merdeka tidak bisa terap cara nasional beritasatu news berita,1
soal ulang pkn kelas semester kurikulum merdeka lengkap kunci jawab tahun lewat tribunnews,1
kurikulum merdeka nohh syal,1
ketika murid smk kelas kali suruh tulis angka sembilan ribu satu kurikulum merdeka nadiemmakarim memang buat rusak generasi muda,1
soal ulang bahasa inggris kelas semester lengkap kunci jawab kurikulum merdeka tahun lewat tribunnews,1
kola kalian nerapin kurikulum merdeka gak,1
temanteman ada yang mau bantuin sender buat isi kuisioner ga masih butuh responden lagi kriteria guru bahasa inggris kelas guna buku kurikulum merdeka,1
soal ulang prakarya kelas semester lengkap kunci jawab kurikulum merdeka tahun lewat tribunnews,1
tulis opini di kumpar yang kutip nyata saya,1
milik bentuk molekul dan hibridisasi jawab kimia kelas hal kurikulum merdeka,1
hukum salat gerhana kunci jawab pai kelas halaman kurikulum merdeka,1
fisika kelas semester vektor by gabriellstrn materi kelas fisika vektor semester kurikulum merdeka kurmer,1
enggak bisa kata guru beda mapel seko dulu dan yang sekarang dan memang iya sekolah aku dulu sudah ake kurikulum merdeka sedang yang sekarang masih pakai kurikulum ipa ips,1
halo boleh minta tolong isi kuesioner aku kriteria siswa sama yang kena kurikulum merdeka terima kasihh,1
memang iya kurikulum merdeka kayak gin siapa nih guru jelasin dong ini nama bukan merdeka tapi derita sc tt,1
temanteman kurikulum merdeka tetap ada siswa eligible kan,1
soal ulang bahasa sunda kelas semester lengkap kunci jawab kurikulum merdeka tahun lewat tribunnews,1
halo sahabatdikbud apakah kalian tahu tentang kurikulum merdeka kurikulummerdeka merdekabelajar,1
soal uaspas ipa kelas semester dan kunci jawab bentuk pilih ganda kurikulum merdeka lewat tribunnews,1
ini hasil kurikulum merdeka,1
contoh soal seni rupa kelas semester kurikulum merdeka,1
workshop kurmer ini belum tuntas belum juga pada nyantol sudah dengar mau ganti kurikulum lagi sambut moga kurikulum merdeka bisa darah daging bagaimana mau darah daging baru suntik sudah ganti obat saja,1
soal uaspassas bahasa indonesia kelas semester kurikulum merdeka dan kunci jawab,1
soal ulang seni budaya kelas dan kunci jawab tahun kurikulum merdeka semester lewat tribunnews,1
contoh soal ulang akidah akhlak kelas sd kurikulum merdeka dan kunci jawab uas sas arhan johny warisover afifah agaklaen banten tereliye miftah rasulullah pramono eliano bahrain lanjutkanboikot welcomebackrenjun,1
tanyarl hogwarts pakai kurikulum merdeka gak,1
siswa waji tahu ini beda aslim dan pts di kurikulum merdeka kurikulummerdeka siswa,1
contoh soal agama kelas semester kurikulum merdeka serta kunci jawab,1
soal ulang agama katolik kelas dan kunci jawab tahun kurikulum merdeka semester lewat tribunnews,1
contoh catat wali kelas singkat rapor kurikulum merdeka semester sdsma penuh motivasi lewat tribunnews rapor walikelas kurikulummerdeka,2
memang enggak jelas arah didik sekarang ini bilang merdeka nyata bahkan makin kekang dengan sistem yang rumit dan enggak jelas kata temen sistem kurikulum merdeka sekarang itu murid ajar sendiri guru sibuk administrasi kan ngaco,2
contoh soal pas pjok kelas semester kurikulum merdeka yuk ajar,2
partaisocmed pecat karena tidak bisa kerja cepat inovasi seperti nadiem makarim yang prestasi bikin kurikulum merdeka kurang subsidi naik ukt lalu sedia student loan seperti mau baginda,2
mulyono mana kau jika sebut kurikulum merdeka ajar tidak cocok terap cara nasional,2
partaisocmed itu fakta ya adik adik di kurikulum merdeka anak didik enggak boleh tinggal kelas jadi bamyak anak yang belum layak naik harus naik bahkan anak sd yang belum lancar baca harus tetap naik dan itu cukup prihatin,2
leonardo dah vinci orang jenius nyaris tanpa didik formal selain hanya baca tulis apkh ini contoh idealisme kurikulum merdeka ajar memang harus didik adalah merdeka bukan jajah homo,2
semua mahasiswa di indonesia lebih baik jangan daftar kampus ajar deh serius enggak worth it pihak kampus ajar juga enggak transparan satusatunya program kampus merdeka mbkm yang turut enggak sesuai dengan korban mahasiswa kemdikbud ri,2
tenwayvx karena kurikulum merdeka itu orientasi pada proses nder bukan pada hasil acu adalah nilai para ajar dapat amat dan selesai masalah lalu lima aspek utama yaitu potensi diri daya diri tingkat diri paham diri peran sosial,2
ajar tentang akikah dan kurban kunci jawab pai kelas halaman kurikulum merdeka,2
dannidivendra nenkmonica nadiemmakarim yang paling aku rasai lama jadi guru itu di bagi kurikulum bahkan jujur saja aku masih ajar dengan prinsip banding kurikulum merdeka,2
berapiapi jika kritik habis nadiem dan kurikulum merdeka semprot soal uji nasional merdeka apa ajar juga tidak saat kritik nadiem jik jelas kurikulum merdeka yang beri bebas ajar tanpa ada uji tidak akan,2
tolak revisi uu kpk guru besar indonesia sebut tidak rela negara puruk,2
sch nilai yang enggak diitung buat rata rata snbp nilai apa saja yaa yang kurikulum merdeka,2
video jika kritik kurikulum merdeka nilai tidak cocok cara nasional,2
nenkmonica nadiemmakarim kurikulum merdeka murid bebas buat onar suka,2
begini cerita kita pikir positif bahwa menteri didik ingin baik didik indonesia maka rubah kurikulum nyata kurikulum sulit difahami maka buat program tambah sekolah sesuai sp dan latih cara sampling gp untuk,2
mau fafifuwasweswos refleksi singkat kerja dekat sama guruguru dua bulan akhir buah thread tentang kurikulum merdeka i apa itu kurikulum merdeka ii tantang besar guru iii respons atas tantang sebut buat yang mau bacabaca,2
mau singapore math cambridge kurikulum merdeka orang even kurikulum kalau anak gizi enggak bagus suka makan upf dan papar segera mungkin rokok dan lainlain iya gimana,2
sahabatdikbud sudah tahu tentang sesuai bijak ajar di masa pandemi dalam ubah surat putus sama sk empat menteri izin ajar tatap muka luas ke zona kuning dari mula hanya zona hijau merdekabelajar bersamahadapikorona,2
seekracle bukanantarkota nadiemmakarim prabowo stopplandemit sumandogaek mamakchayank dokter kampung pongrekundharma faraz kepri ngatrol nilai dari belum kurikulum merdeka alam pernah ajar smk dan tahun ajar,2
mesti ajar sama mulyono kuasa dulu militer dan polisi sandera lawan politik dengan hukum lemah kpk uu cipta kerja yang bikin masyarakat jadi emis bansos ukt tinggi yang bikin rakyat putus asa dan bodoh kurikulum merdeka yang bikin enggak ajar,2
telah kurikulum merdeka ajar sejarah smasederajat susut dari jp kurtilas susut jadi jp kurikulum merdeka ikut lembar sejarah darah yang hilang tread,2
pada kurikulum merdeka sumber ajar sangat agam tidak hanya ajar di dalam kelas,2
liaasister kurikulum merdeka merdeka mau pengin pintar apa goblog merdeka ke sekolah bawa buku atau sajam yang penting tiap tahun naik kelas,2
siswa beri sempat gali potensi diri kurikulum merdeka layak tahan fraksidemokrat demokrat demokratjatim jawatimur jatim,2
serius ini tehnik kurikulum merdeka nadiemmakarim kemdikbud asa main ular tangga kasih yang mudah buat yang susah pantas anak pada stres dan iq nya pun rendah di asean,2
abdul mu ti akan evaluasi kurikulum merdeka ajar ppd zonasi dan tiada un,2
kurikulum merdeka cocok untuk sekolah swasta mahal yang sudah wellestablished lebih lebih baik tiru tiongkok untuk di luar itu wkwk,2
jika kritik kurikulum merdeka tidak cocok laku cara nasional,2
gess tahu enggak kenapa gin karena sekarang kurikulum nya merdeka enggak ada sistem enggak naik kelas un tiada saya bagai guru juga pusing ubah terus kurikulum terus merdeka urus anak begini dan bikin administrasi banyak terus gaji kidding what di you think,2
ikut kunci jawab pai kelas halaman dan kurikulum merdeka nilai tahu ba,2
jika sebut kurikulum merdeka ajar tidak cocok terap cara nasional terima kasih puang jk klik untuk baca kompascom baca berita tanpa iklan download aplikasi,2
nadiem makariem kembali buat gebrak bijak itu ia beri nama merdeka ajar kampus merdeka dalam papar bijak itu sebut tidak ada empat poin yang jadi program utama nadiem apa saja,2
yang gagal itu sdm nya enggak sih kurikulum merdeka ini bagus loh benar tapi mental warga saja yang belum siap sekian puluh tahun di jajah iya mental nya mental budak bukan mental merdeka toh kalaupun ada kurang turut saya lebih ke dewasa sdm nya guru dosen dsb,2
tuju indonesia cemas masmenteri nadiem makariem ini realita dari hasil kurikulum merdeka ajar,2
di buku teks matematika kurikulummerdeka sudah benar iya konsep ajar tempat bilang dulu belum bisa kurang susun ini ajar kelas dan kelas sd unduh gratis buku teks,2
qasimitv bagaimana kalau kamu saja yang ajar pakai kurikulum merdeka,2
banyak opini sebut bahwa kurikulum merdeka bukan masalah didik kita hari ini saya kasih jelas singkat kenapa pada era merdeka ajar guru sulit paham kurikulum kurikulum canggih no banyak branding yes tread,2
kurikulum merdeka bahkan bikin anakanak indonesia goblog apa lebih baik jajah aja,2
this tweet basically summarises what happened with kurikulum merdeka ajar,2
dengan kurikulum merdeka untuk bentuk generasi muda yang taat hukum dan milik nilainilai moral yang kuat utama kait anti korupsi dan anti bullying,2
panggil temanteman yang lagi cari buku kurikulum merdeka di sibi ada kurikulum merdeka masuk audio booknya juga karena resmi dari kemendikbud jadi bisa jadi referensi untuk ajar dan cari materi moga manfaat iya buat yang lagi cari buat ajar,2
nenkmonica nadiemmakarim kurikulum merdeka bikin ruwet guru yang sudah mbahmbah apalagi guru yang gagap teknologi mereka harus fokus ajar buat urus aplikasi aku enggak tau apa tapi mama selalu di depan laptop melulu dan ngeluh capek minta ajar aku daripada fokus ngajarnya dan akhir muridmurid lantar,2
selamat atas luncur kurikulummerdeka hari ini prakarya nino dan tim yang harap buat giat ajar lebih hidup relevan dan senang dapat info masuk kalau mau baca naskah akademik di i sama a proud wife,2
prabowo terima limpah pr yang begitu besar sektor didik mulai dari kurikulum merdeka hingga baik infrstruktur didik baca tulis hasanudin wahid sekjen pk dan anggota dprri yang artikel ini telah tayang di dengan judul nanti,2
kenapa kurikulum merdeka jadi tinggal kelas bagai pilih akhir kurikulum merdeka jadi sistem tinggal kelas jadi pilih akhir karena kembang ajar tiap murid adalah fokus utama bukan hanya nilai semata kurikulummerdeka merdekabelajar,2
dengan kurikulum merdeka ajar bukan lagi soal hafal tapi paham anakanak dorong untuk erti proses bukan hanya hasil sehingga ilmu lebih lekat dan relevan untuk masa depan mereka kurikulummerdeka medcomid mudamemberiarti,2
materi ajar karakter tolak keras tolak judi online amp bijak media sosial pelajarpenggerakmerahputih pelajarsehatcerdasberkarakter,2
ptn temanteman ada yang punya alam linjur di kurikulum merdeka coba share di reply dong temanteman soal aku pikir buat linjur,2
joktug halo cari joki yang bisa buat alat evaluasi assesmen yang biasa jadi komponen perangkat ajar dalam buat modul kurikulum merdeka untuk modul sudah ada utama yang memang di spess ahli pgsd drop fee,2
ratarata sekarang kurikulum merdeka kamu mulai search kurikulum merdeka temu menit per bulan minggu buat kelas istimewa dengan temu tiap hari per bulan lebih baik materi ajar dari kamu bukan buku siswa karena buku siswa pasti beda,2
wkdtndmswl nenkmonica nadiemmakarim revisi turut saya juga bagus padu sekaligus transisi antara kurikulum lama ktsp yang lebih ke arah pemahamanpenguasaan teorimateri dan kurikulum merdeka yang lebih depan praktek dan terap dari teori,2
tabuhberbunyi mboke ganes nik tipaah nah ini memang konsep kurikulum merdeka yang sekarang kak kurikulum cuma blue print tapi materi buat lagi oleh guru gantung butuh murid salut buat kakak moga lancar dan berkah terus didik anakanaknya,2
kurikulum merdeka memang hebat selamat sambut indonesia ee mas,2
tapi kurikulum merdeka enggak boleh ada anak sampai tinggal kelas inti biar bodo tetap naik kelas mba jadi murid mah suka jadi,2
kurikulum merdeka masih bisa enggak naik kelas walau itu opsi akhir akhir tafsir bahwa kurikulum merdeka harus semua anak naik kelas padahal iya bisa saja sih enggak naik,2
rill kurikulum merdeka ajar enggak ajar tetap merdeka ngomongngomong memang semir itu pernah bantu ngerjain pr keponakan sd kls doi kan iya harus jawab yang ada di soal itu ada semua iya sesuai bahan baca buku paket ini enggak bahkan yang ada aku repot harus cari dulu,2
mdy kurikulum merdeka itu benar kayak i iya tapi ajar enggak beri bekal mampu ajar sistem i iya jadi sulit,2
nenkmonica nadiemmakarim jujur program dia beberapa okay kayak kampus merdeka bagus untuk anak kuliah tapi kurikulum didik sd sampai smadll jujur gagal banget muridmurid pada enggak jelas enggak ada tahu tahu umum enggak pintar matematika gajelas apalagi semenjak ada istilah ipas makin aneh,2
kurikulum merdeka jadi guru merdeka laku hal kreatif hadap serta didik keren damn kemdikbud ri,2
salah satu hal yang perlu paham guru dalam buat lapor hasil ajar kurikulum merdeka adalah cara rumus deskripsi nilai rapor di dalam kurikulum merdeka,2
wakil menteri daya perempuan dan lindung anak pppa veronica tan tekan penting ubah paradigma dalam didik anak usia dini paud lalu kurikulum merdeka,2
contoh soal bahasa inggris kelas semester kurikulum merdeka bisa jadi referensi ajar,2
sender anak kurikulum merdeka asli pusing banget mana full gambar kemarin hari ini dan besok full makalah sender bisa gila,2
kurikulum merdeka buat sd itu pas bagi rapo ada sistem rangking enggak ya tia,2
ajar pada kurikulum merdeka sulit benar bukan sulit lho tetapi lalu kurikulum merdeka ajar bukan lagi soal hafal tapi paham ingin tahu jelas lengkap yuk simak ulas ikut ini kurikulummerdeka merdekabelajar,2
kumpar konsep asli mungkin enggak jelek amat terap yang beranta amp enggak pakai kira contoh mhs sastra masuk ke kuliah it merdeka ajar kata ikut kuliah yang enggak ada hubung itu anggap bagai telah ambil kuliah sesuai kurikulum di jurus asal aja kan,2
barisanpemudari kurikulum merdeka murid merdeka bebas bebas mau erti apa enggak tetap bakal naik kelas dan lulus tepat waktu yeay itu belum ditanyain panjang bpupki sama ppki pki nya jadi partai yang onoh,2
curvabax ndrypd saya punya adek sd dan pakai kurikulum merdeka memang telah saya cek di buku sekolah mereka hampir sejarah dan pkn itu sisip enggak ada benar benar enggak ada,2
projek kurikulum merdeka ini enggak kerja dengan baik turut kls ada projek kewirausahaan tapi enggak dapat mapel pkwu kls dapat pkwu tapi enggak ada projek kurikulum merdeka turut kalian gmn,2
yang sebenwrnya bikin saya gereget adalah anak paksa untuk naik kelas saat dia benar belum mampu kurikulum merdeka juga enggak bikin mereka jadi bisa ajar mandiri justru tambah males administrasi guru banyak tapi gaji kecil,2
tobiin barisanpemudari kurikulum merdeka ajar bas projek enak ini enggak textbook bisa belaajr dari praktik lebih tempel di otak esensial sesuai bakat dan minat ini sih konsep yang bener,2
mari bersamasama buat ajar yang tarik di kelas kita kurikulummerdeka pembelajaranmenarik source instagram asrulresa,2
menbud fadli zon usul ajar sejarah jadi waji masuk kurikulum merdeka lewat koran bogor,2
jusuf kalla kritik kurikulum merdeka tidak cocok terap cara nasional,2
dalam merdeka ajar nadiem hapus uji nasional un bagai syarat kelulus bijak ini jadi salah satu yang paling kontroversial picu debat tentang standar kualitas didik,2
zanatul bagaimana sejahtera pak insentif untuk guru swasta brsertifikasi kerap kali trlambat cair bahkan tidak cair tahun garagara kami anggap tidak penuh jam ajar dan pernah jadi kena deadline isi dapodik karena alih sistem ke kurikulum merdeka yang kacau,2
permendikbudrisek kurikulum merdeka baru di uji publik tidak sesuai urut bijak sudah jalan atur susul hayo lama ini kalian jalan kurikulum makhluk apa hayo dalam ilmu sejarah ini sebut anakronisme etapi sejarah kan enggak penting iya lupa,2
auxiliarywits banyak teman aku yang ajar yang gen alpha dan beta akan lebih ngeri lagi dari gen saja yang sekarang sudah remaja dan dewasa muda kurikulum merdeka sih nadiem benerbener sistemik rusak daripada dampak positif nya enggak sepenuh salah individu tapi benerbener korban dari sistem,2
kriteria capai tuju ajar kktp bahasa inggris kelas sdmi fase a kurikulum merdeka kktpbahasainggris kktpkurikulummerdeka kriteriaketercapaiantujuanpembelajaran,2
kurikulum merdeka anggap bakal bikin anakanak jadi progresif risk taker strategic thinker bla bla bla benerin tuh concept mastery baru integrated knowledge amp transfer set deh ibarat passing saja belum benar sudah omong pressing dan high defense line keblinger,2
wapamungkas padahallll fungsi kurikulum merdeka salah satu adalah supaya siswa punya track record baik itu prestasi maupun balik jadi enggak usah cekcek medsos begini bagaimana kalau anak enggak punya medsos mau dipaksain juga,2
kurikulum etika moral sejarah indonesia emosi saint dan teknologi mat fisika biologi kimia komputer bahasa indonesia bahasa asing kreativitas seni dan budaya sosial teori dan praktek ajar agama hapus masuk ke dalam giat ekskul siswa,2
kegblgnunfaedh sepakatkurikulum didik lama tri nadiem enggak jelas arah dan kurikulum merdeka jauh anak didik dari didik moral dan adabpadahal ajar didik moral pancasila tetap butuh anak didik panjang jaman,2
ajar sejarah tidak lagi waji pramuka bukan lagi ekstra kurikuler waji anak sampai tapi kali dasar di bawah saja belum bisa amp belum hapal jangan tanya jika hadap dengan sama kuadrat lalu apa yang mau tuju dari kurikulum merdeka,2
jika sebut kurikulum merdeka ajar tidak cocok terap cara nasional,2
