Word,Frequency
kurikulum,272
merdeka,265
tidak,81
dan,77
ajar,75
yg,69
kelas,67
yang,62
ini,61
di,58
itu,47
1,44
soal,44
ada,40
jawab,38
jadi,36
kunci,36
didik,36
tahun,35
sekolah,34
guru,33
semester,33
2024,33
lewat,31
ya,30
tribunnews,30
anak,29
ulang,28
dari,26
bisa,24
banyak,23
sd,22
mau,21
bikin,20
apa,19
tapi,19
untuk,18
lebih,18
aku,18
bukan,17
indonesia,17
bahasa,17
atau,16
harus,16
nya,16
aja,16
dengan,15
dalam,15
naik,15
nasional,15
cara,15
murid,15
nadiemmakarim,15
terap,15
ke,14
masih,14
11,14
nadiem,14
baca,14
lengkap,14
juga,14
paham,13
pada,13
sekarang,13
dulu,13
hasil,13
sistem,13
kurikulummerdeka,13
pake,13
malah,13
kan,13
buat,13
12,13
lulus,13
siswa,13
buku,12
materi,12
karena,12
telah,12
sih,12
nenkmonica,12
laku,11
bebas,11
nilai,11
sendiri,11
amp,10
saya,10
sebut,10
tuju,10
45,10
pilih,10
jk,10
cocok,10
kalau,10
jauh,10
belum,10
sama,10
salah,10
semua,9
udah,9
k13,9
satu,9
gimana,9
6,9
ikut,9
adalah,9
tp,9
gw,9
bagus,9
bagi,9
jelas,9
pak,9
agama,9
mana,8
kalo,8
turut,8
tau,8
gagal,8
masuk,8
beda,8
baru,8
makin,8
contoh,8
sulit,7
lalu,7
sampai,7
dapat,7
tetap,7
5,7
pusing,7
matematika,7
akhir,7
kurang,7
kualitas,7
kaya,7
gue,7
dia,7
un,7
sesuai,7
sma,7
konsep,7
uji,7
paling,7
lagi,7
inggris,7
bijak,7
tahu,7
41,7
terbit,6
kerja,6
tinggal,6
anak2,6
dg,6
tingkat,6
hanya,6
baik,6
kritik,6
hapus,6
fisika,6
beri,6
dasar,6
kata,6
implementasi,6
namun,6
ngajar,6
suka,6
standar,6
sumatif,6
arhan,6
johny,6
warisover,6
afifah,6
agaklaen,6
banten,6
tereliye,6
rasulullah,6
pramono,6
eliano,6
bahrain,6
lanjutkanboikot,6
welcomebackrenjun,6
besar,5
menteri,5
negara,5
fokus,5
sm,5
kasih,5
mulai,5
trus,5
gua,5
utama,5
tanyakanrl,5
kembang,5
saat,5
pancasila,5
utk,5
tak,5
emang,5
gin,5
gk,5
dapet,5
bahkan,5
smp,5
banget,5
sampe,5
tuh,5
administrasi,5
asal,5
benar,5
sini,5
bakal,5
memang,5
nyata,5
butuh,5
pas,5
tugas,5
biar,5
mending,5
pernah,5
kuliah,5
liat,5
lama,5
budaya,5
gitu,5
waktu,5
giat,5
jd,5
mental,5
orang,5
seni,5
bgt,5
depan,5
30,5
miftah,5
punya,4
pun,4
ganti,4
2013,4
akademik,4
harap,4
sehingga,4
akan,4
bagai,4
kls,4
dr,4
sejarah,4
untung,4
lanjut,4
proses,4
p5,4
para,4
diri,4
peran,4
kali,4
hadap,4
beranta,4
pertama,4
isi,4
iya,4
swasta,4
padahal,4
sudah,4
opposite6892,4
arah,4
mapel,4
gaji,4
4,4
zonasi,4
mata,4
sender,4
7,4
ngapain,4
kalian,4
udh,4
rasa,4
papar,4
tentang,4
terima,4
tanpa,4
perintah,4
ilmu,4
doang,4
kuat,4
presiden,4
paksa,4
tambah,4
penting,4
hafal,4
ktsp,4
bingung,4
jujur,4
logika,4
jg,4
skrg,4
moral,4
43,4
adik,4
bus,4
uas,4
sas,4
teks,3
rumah,3
cuma,3
tementemen,3
nama,3
arti,3
pindah,3
hari,3
simak,3
ngerti,3
enak,3
kurtilas,3
transformasi,3
guna,3
minat,3
kurmer,3
saja,3
masalah,3
uud,3
wajib,3
makarim,3
kreatif,3
kemdikbud,3
ri,3
kenapa,3
merdekabelajar,3
sejak,3
pmm,3
hingga,3
dong,3
terus,3
jurus,3
temen,3
ipa,3
ubah,3
adek,3
panjang,3
krn,3
atas,3
sastra,3
judul,3
daripada,3
transisi,3
dah,3
2,3
anggap,3
bla,3
bilang,3
rumit,3
si,3
minta,3
mulu,3
beban,3
kampus,3
tetep,3
emg,3
pr,3
paket,3
engga,3
nulis,3
ttp,3
tulis,3
full,3
gila,3
mdy,3
asmara1701,3
apalagi,3
projek,3
aplikasi,3
capai,3
anakanak,3
kek,3
kau,3
rupa,3
kait,3
jusuf,3
kalla,3
beberapa,3
sebenernya,3
mereka,3
begitu,3
pinter,3
jaman,3
tuntut,3
sdm,3
jajah,3
toh,3
rusak,3
sbg,3
tik,3
lho,3
ips,3
guys,3
biaya,3
tengah,3
generasi,3
mungkin,3
latih,3
jgn,3
kumpar,3
zanatul,3
91,3
nih,3
kalimat,3
pjok,3
lupa,3
ortu,3
byk,3
pintar,3
42,3
deelvote,3
kristen,3
halaman,3
kemdikbudristek,2
perspektif,2
bantu,2
naskah,2
dorong,2
praktik,2
sisi,2
keras,2
esensial,2
mtk,2
struktur,2
pikir,2
susut,2
jp,2
hilang,2
suruh,2
prakarya,2
jual,2
nyari,2
gantung,2
geometri,2
kepada,2
amat,2
yaitu,2
potensi,2
sosial,2
nama2,2
buka,2
100,2
luar,2
kepala,2
hal,2
keren,2
cemas,2
makariem,2
tiap,2
partaisocmed,2
cepat,2
seperti,2
2023,2
pesan,2
kirim,2
resmi,2
seleksi,2
ibu,2
cek,2
murah,2
derita,2
serius,2
dunia,2
kita,2
alas,2
gamau,2
dinamika,2
partikel,2
by,2
gabriellstrn,2
kritis,2
orang2,2
enggak,2
desa,2
tiada,2
susun,2
oleh,2
jenjang,2
poin,2
siap,2
fasilitas,2
gess,2
n,2
bejibun,2
what,2
bahwa,2
banding,2
entah,2
jokowi,2
bener,2
tu,2
main,2
susah,2
stres,2
bantuin,2
ga,2
responden,2
vektor,2
rangking,2
or,2
guyss,2
nah,2
les,2
dpt,2
klo,2
kelompok,2
knp,2
syal,2
kembali,2
empat,2
program,2
rill,2
ngerjain,2
bahan,2
repot,2
dgn,2
meski,2
abis,2
kena,2
bocil,2
kak,2
asli,2
kemarin,2
awal,2
anies,2
ngerasa,2
cerita,2
dennysiregar7,2
barisanpemudari,2
bakat,2
httpstcotewe1tfcek,2
berita,2
urus,2
keluar,2
apaapa,2
tuntun,2
ortunya,2
mah,2
serang,2
validasi,2
suara,2
profil,2
kami,2
ketua,2
wakil,2
mampu,2
justru,2
males,2
nanti,2
elisa,2
jkt,2
total,2
goblog,2
khusus,2
kitab,2
diabara,2
alih,2
ajaa,2
busuk,2
sekolah2,2
tua,2
ttg,2
of,2
nusantara,2
plus,2
etik,2
gabisa,2
tolong,2
50,2
yaa,2
geografi,2
nemu,2
tetapi,2
yuk,2
mikir,2
buruk,2
eligible,2
10,2
masa,2
dukung,2
is,2
kira,2
gara2,2
dampak,2
apple,2
lihat,2
produk,2
driver,2
t,2
sumpah,2
teknologi,2
the,2
for,2
us,2
tinggi,2
ambil,2
sosialisasi,2
daring,2
muridmurid,2
proyek,2
dll,2
wkwk,2
deh,2
homo,2
sapiens21,2
bagaimana,2
sejahtera,2
cair,2
penuh,2
kacau,2
efektif,2
presentasi,2
google,2
muncul,2
memefess,2
matpel,2
ridwanhr,2
angkat,2
make,2
boleh,2
inti,2
karna,2
sdh,2
1945,2
ngeluh,2
parah,2
3,2
teori,2
praktek,2
sheandwhite,2
kyk,2
hitung,2
cari,2
bnetwork,2
kbm,2
cm,2
kurikilum,2
bodoh,2
makanya,2
muda,2
anti,2
selain,2
40,2
katolik,2
murid2,2
gara,2
seluruh,2
46,2
pkn,2
48,2
indo,2
sbnrnya,2
ib,2
alumni,2
tri,2
sy,2
47,2
orangutan,2
perangkat,2
perangkatajar,2
perangkatajarkurikulummerdeka,2
hah,1
tara,1
gender,1
gotong,1
royong,1
ilustrasi,1
sapu,1
kepel,1
perempuan,1
httpstcod67alhk3gu,1
kronologi,1
final,1
inspirasi,1
httpstcopfcujjfgra,1
diferensiasi,1
agar,1
sungguh,1
mulia,1
lain,1
httpstcobh72xqekz7,1
perlu,1
jerman,1
australia,1
insyaallah,1
httpstcosfmmycbw6r,1
httpstcoly3t5cqpbn,1
cth,1
kcil,1
pdf,1
respon,1
acakacakan,1
lbih,1
langsung,1
hell,1
yh,1
kl,1
blom,1
taxonomy,1
hierarki,1
identify,1
terampil,1
httpstcof7qonujltt,1
smasederajat,1
17,1
lembar,1
darah,1
tread,1
tergajelas,1
itung,1
rugi,1
permisi,1
ndusel,1
leher,1
tidur,1
laba,1
matriks,1
translasi,1
httpstcozebtcr1ei7,1
sex,1
perudungan,1
hajar,1
cabul,1
httpstco5geyanpiow,1
tenwayvx,1
orientasi,1
nder,1
acu,1
selesai,1
lima,1
aspek,1
daya,1
pahlawan,1
hapal,1
httpstcodc6vsco3pa,1
serta,1
damn,1
httpstcoyxcfwptryo,1
httpstcomm5dvsixbx,1
masmenteri,1
realita,1
httpstcoofswtrhv1e,1
semata,1
httpstcozxnjh2av1o,1
erickagunawan1,1
pecat,1
inovasi,1
prestasi,1
subsidi,1
ukt,1
sedia,1
student,1
loan,1
baginda,1
httpstcosdzsaaaqir,1
kisruh,1
skp,1
desember,1
januari,1
seliwer,1
macam,1
grupgrup,1
berani,1
tunjuk,1
identitas,1
dinas,1
httpstcopmuusj2yez,1
parapparaa,1
manusiaintrover,1
gerak,1
adopsi,1
sdmi,1
unduh,1
gratis,1
httpstcolitvzhbmkr,1
ayuk,1
bapak,1
encourage,1
buku2,1
harga,1
httpstcoqopa788s6j,1
httpstcobfnxmgxwoe,1
httpstcopjssctfsaq,1
siapa,1
ni,1
jelasin,1
sc,1
tt,1
vienna8822,1
httpstcohdvmsnasyo,1
lagiapalah,1
httpstcosycjrzmfay,1
karya,1
rezim,1
diem,1
pasrah,1
politik,1
an,1
httpstcoimfm8m9eyv,1
nyaksiin,1
maksa,1
supaya,1
httpstco6rixwsnbwy,1
bro,1
korban,1
httpstcoyvprgldjya,1
httpstcophezxnvhds,1
push,1
berfikir,1
cryptarithm,1
coc,1
httpstcoi6xpaldcx3,1
httpstcoy5tfx42elh,1
httpstcovkn4w3xeag,1
osis,1
httpstco46ngzhfyzn,1
al,1
tanggungjawab,1
lsg,1
kabkota,1
era,1
otonomidaerah,1
wenang,1
sekolahguru,1
kurikulumsilabus,1
httpstcocxe0bzwxfk,1
selamat,1
luncur,1
kini,1
rasi,1
kurator,1
httpstcou6ep7znw4p,1
httpstcofo5yixkrht,1
adiemappunya,1
misuh,1
kaget,1
woow,1
bates,1
2026,1
moga,1
kejar,1
tenaga,1
httpstcoymiofahprb,1
napa,1
krna,1
skrng,1
sbagai,1
jga,1
brubah,1
ngurusin,1
bgini,1
kidding,1
do,1
you,1
think,1
httpstcop36zc5s48k,1
bahassoalfess,1
duga,1
mengapa,1
balik,1
atur,1
anyway,1
hipotesis,1
httpstcor6ebjzxjal,1
pelan2,1
asesmennya,1
meta,1
dipretelin,1
3akm,1
snbt,1
dosa,1
akbar,1
progresif,1
risk,1
taker,1
strategic,1
thinker,1
benerin,1
concept,1
mastery,1
integrated,1
knowledge,1
transfer,1
set,1
ibarat,1
passing,1
ngomongin,1
pressing,1
high,1
defense,1
line,1
keblinger,1
skrang,1
kekang,1
sibuk,1
ngaco,1
httpstcokojv0rfisu,1
tehnik,1
asa,1
ular,1
tangga,1
mudah,1
pantas,1
iq,1
rendah,1
asean,1
httpstco9qfhorgnlg,1
kuisioner,1
kriteria,1
httpstcoxm8edh2nkq,1
httpstcobzfc07ul6x,1
output,1
besut,1
httpstcomlj8yhcukk,1
gampang,1
ngik,1
httpstco5nkye7ndkp,1
raport,1
tia,1
ama,1
httpstcoc2mwhmmpul,1
letak,1
ak,1
ptn,1
gasih,1
tadi,1
19,1
gituu,1
smenjak,1
jdi,1
tkut,1
bejir,1
tenang,1
gelisah,1
waswas,1
berangkat,1
bhs,1
w,1
sebel,1
anjenkkkkkkk,1
gebrak,1
ia,1
httpstcovjtuptxfaa,1
karep2mu,1
btw,1
semir,1
keponakan,1
doi,1
nyariin,1
belakang,1
sedikit,1
ngikutin,1
topik,1
inget,1
curhatan,1
mirip,1
wayback,1
machine,1
postingan,1
repost,1
httpstcorgvsplg5kg,1
upa,1
bayang,1
malaysia,1
antar,1
solusi,1
httpstcobgsukcbsb8,1
meng,1
repitisie,1
menghapla,1
ruma,1
httpstcofpc8yvb2is,1
culture,1
shock,1
dipraktekin,1
diajarin,1
papan,1
km,1
gambar,1
besok,1
makalah,1
beliau,1
expert,1
bisnis,1
taruh,1
gimanaaaa,1
ahli,1
hapalan,1
rpul,1
rpal,1
tobiin,1
bas,1
textbook,1
belaajr,1
nempel,1
otak,1
puang,1
klik,1
kompascom,1
iklan,1
httpstcoohsovwxu06,1
download,1
httpstcoay6ifr1u86,1
badan,1
cp,1
krougee,1
household,1
lingkung,1
diskusi,1
ngarahin,1
situ,1
wali,1
mikirnya,1
e,1
monyet,1
gim,1
tugastugas,1
tai,1
anjeng,1
picek,1
pala,1
hedsot,1
dl,1
q33,1
demorakasi,1
agenda,1
demokrasi,1
osismpk,1
httpstcokvzpmz3kjq,1
ke10,1
mendikbudristek,1
kurikulim,1
httpstcotogm2ay4gv,1
sebenwrnya,1
gereget,1
blm,1
mandiri,1
kecil,1
prabowo,1
limpah,1
sektor,1
infrstruktur,1
hasanudin,1
wahid,1
sekjen,1
pkb,1
anggota,1
dprri,1
artikel,1
tayang,1
httpstcoinnkqqg2ke,1
bloonnya,1
tawur,1
ejawantah,1
liaasister,1
ken,1
bawa,1
sajam,1
taun,1
ambruk,1
wkt,1
mondok,1
ponpes,1
quran,1
minimal,1
15,1
juz,1
stlh,1
pondok,1
kaji,1
hadis,1
areumdawn,1
gaboleh,1
katrol,1
kkm,1
mumpuni,1
faktor,1
prasangka,1
temen2,1
asesmen,1
finladia,1
wannabe,1
abai,1
kapasitas,1
megang,1
skema,1
pembisik2,1
negeri,1
loh,1
warga,1
sekian,1
puluh,1
budak,1
kalaupun,1
dewasa,1
dosen,1
dsb,1
sumber,1
sangat,1
agam,1
httpstcogvelra5mbj,1
percaya,1
jika,1
50juta,1
signifikan,1
pimpin,1
orangorang,1
mendikbud,1
tempuh,1
university,1
twente,1
httpstcojwj3yjcqfp,1
walau,1
opsi,1
tafsir,1
httpstco6ypiuvit4j,1
diniyah,1
definisi,1
kode,1
urgensi,1
kira2,1
nadiemkarim,1
perkara,1
httpstcoyrbtzkjphe,1
darurat,1
seksual,1
httpstcomxzctvnmnk,1
seko,1
emng,1
ake,1
sedang,1
tanyarl,1
halo,1
isiin,1
survey,1
linknya,1
taro,1
comment,1
terimakasih,1
temenn,1
hebat,1
slamat,1
sambut,1
ee,1
mas,1
httpstconxddls56cr,1
oot,1
td,1
nohh,1
ingin,1
ulas,1
httpstconld1x26gst,1
joko,1
widodo,1
httpstcoitizodisj8,1
zakkafm,1
irwndfrry,1
tahan,1
guru2,1
modal,1
fucking,1
shit,1
soundofyogi,1
korelasi,1
mumet,1
resin,1
lapor,1
biasa,1
komparasi,1
to,1
thoriqmm,1
2022,1
outputnya,1
disalahin,1
ekspetasi,1
penjara,1
emas,1
indonesi,1
tarif,1
layan,1
bangke,1
sengsara,1
negativisme,1
marwah,1
injak,1
disipliner,1
catat,1
tari,1
pecah,1
httpstcoiexv7jdcm5,1
zaman,1
cape,1
ngmg,1
bunuh,1
beyonce,1
harry,1
kurniawan,1
sman,1
8,1
purworejo,1
temu,1
ekspres,1
httpstcofrh4jjsp9z,1
gak,1
gmna,1
mapelnya,1
dicampurmilih,1
ngerasain,1
melek,1
pula,1
dokumentasi,1
honorer,1
bawah,1
500rb,1
kur,1
internasional,1
but,1
not,1
best,1
pondasi,1
long,1
term,1
ngikut,1
periode,1
daddyminussugar,1
sukasuka,1
jorjoran,1
bak,1
juara,1
peduli,1
jelek,1
mhs,1
it,1
hubung,1
ajaib,1
video,1
httpstcoyckqhfm91w,1
analisis,1
keluh,1
pusat,1
daerah,1
luring,1
via,1
webinar,1
serap,1
okay,1
kayak,1
smadll,1
gaada,1
umum,1
gajelas,1
semenjak,1
istilah,1
ipas,1
aneh,1
setujuuuuuu,1
amburadul,1
goblok,1
republik,1
onar,1
minggu,1
hiling,1
kakakamri,1
alfianbahri47,1
arsicha,1
sari,1
psikolog,1
fun,1
happy,1
no,1
fundamen,1
kokoh,1
minggir,1
kn,1
dilulusin,1
ngejar,1
walaupun,1
bobrok,1
singapore,1
math,1
cambridge,1
even,1
94,1
gizi,1
makan,1
upf,1
asap,1
rokok,1
mahal,1
wellestablished,1
tiru,1
tiongkok,1
gelap,1
terang,1
httpstco0mssrnptik,1
mimind,1
laksana,1
tahund,1
1992,1
yakin,1
kanan,1
kiri,1
diajarkand,1
cumand,1
pendek,1
djadi,1
favorit,1
mgkn,1
merdekamerdeka,1
gek,1
sakkusaitna,1
bayuangora,1
spektrum,1
valhallaah,1
bnsphrxyzzz,1
refublikateis,1
kappa,1
paijokhentirr,1
chris,1
ting,1
insentif,1
brsertifikasi,1
kerap,1
trlambat,1
jam,1
deadline,1
dapodik,1
krena,1
air,1
api,1
tanah,1
udara,1
dahulu,1
hidup,1
damai,1
aleamsbarra,1
jangan,1
kapur,1
ajah,1
jarang,1
copas,1
bener2,1
angin,1
finland,1
abad,1
21,1
lu,1
nalar,1
alien,1
se,1
paranoid,1
yahh,1
bubar,1
santai,1
ngerokok,1
gerbang,1
njirr,1
ckck,1
httpstco41z7raz29c,1
pppkguru,1
disrupsi,1
ngejudge,1
dipake,1
1015,1
ketika,1
httpstcodlhwtnthtu,1
guyssss,1
here,1
we,1
gooo,1
httpstcolxiz1yaud2,1
qasimitv,1
lo,1
httpstcoigdmlvtf9d,1
httpstcoq9jdx8fsye,1
0xecure,1
bodo,1
mba,1
sammisoh,1
efek,1
admin,1
bedain,1
kolombia,1
filipina,1
box,1
hardi,1
palingteguh,1
pns,1
bang,1
d,1
yo,1
ingat,1
ngajarin,1
maaf,1
kola,1
miris,1
dar,1
singkatan2,1
spt,1
pasal2,1
butir2,1
p4,1
gbhn,1
bocah,1
sila2,1
belepotan,1
this,1
tweet,1
basically,1
summarises,1
happened,1
with,1
ruwet,1
mbahmbah,1
gaptek,1
gatau,1
mama,1
selalu,1
laptop,1
capek,1
ajarin,1
ngajarnya,1
lantar,1
dokter,1
ntr,1
wkwkwkwkwk,1
mulyono,1
dmn,1
httpstcoveahd661co,1
syarat,1
kelulus,1
kontroversial,1
picu,1
debat,1
rosses1black,1
etika,1
emosi,1
saint,1
mat,1
biologi,1
kimia,1
komputer,1
asing,1
kreativitas,1
ekskul,1
hmmapanamanya,1
harusny,1
duit,1
keteter,1
prhitungan,1
bayangin,1
blum,1
survive,1
tipu2,1
httpstcomhmlcwf4dc,1
taka,1
99,1
77,1
bibit,1
rusa,1
dlm,1
reduksi,1
feedback,1
instead,1
day,1
2016,1
smakin,1
kemas,1
shintaeffendi,1
lokal,1
siswasiswi,1
informasi,1
bandingin,1
mix,1
ktspk13,1
drpd,1
tiga,1
adekku,1
lks,1
allah,1
anakkolong,1
akal,1
mangkas,1
pola,1
httpstcott4tpmpbpr,1
pantau,1
jumlah,1
metode,1
aljabar,1
dini,1
plek,1
ketiplek,1
kesan,1
ooh,1
maju,1
ah,1
batas,1
bentuk,1
taat,1
hukum,1
milik,1
nilainilai,1
korupsi,1
bullying,1
smpmts,1
jl3b,1
0035101180,1
rp84000,1
httpstcouyorsintpm,1
bukuerlangga,1
klubbuku,1
httpstcokcvggskplx,1
kemendikbud,1
bicara,1
alami,1
kompetensi,1
literasi,1
kamu,1
detikers,1
gtgt,1
httpstco85xoqajj7s,1
detikcom,1
httpstcokz2rtr8xli,1
sok,1
beneran,1
wkdtndmswl,1
s510318g,1
revisi,1
padu,1
sekaligus,1
antara,1
pemahamanpenguasaan,1
teorimateri,1
nakmandiri,1
luang,1
sia2,1
terlalu,1
lelah,1
cuan,1
saing,1
httpstcou0gdplqefh,1
httpstcoif4e42teks,1
httpstcouzmdmhi1i3,1
penasaran,1
kok,1
sebar,1
internet,1
bego2,1
pingin,1
ngecek,1
apakah,1
tutup,1
konten,1
ucol168,1
nyepelein,1
pasti,1
ckckckck,1
sekolahbuat,1
pandemi,1
kemaren,1
httpstcosjs7negcy4,1
oh,1
brok,1
cipta,1
gweh,1
antropologi,1
httpstcoiakdmvmuvp,1
ekonomi,1
httpstcofa3grikart,1
alam,1
ngakali,1
driver2,1
sistem2,1
aneh2,1
ujung2nya,1
mitra,1
ojol,1
mirip2,1
alibi,1
realitanya,1
ribet,1
tolak,1
ukur,1
sunda,1
httpstco1ey0kivhmn,1
shyooogarush,1
ngembangin,1
rata2,1
uda,1
gurudosen,1
nerangin,1
nangkep,1
denger2,1
bekal,1
tepat,1
yeay,1
bom,1
ditanyain,1
bpupki,1
ppki,1
bisa2,1
pki,1
partai,1
onoh,1
el,1
sulfat,1
kamentrader,1
gadang,1
perata,1
ngga,1
benchmarking,1
finlandia,1
proposal,1
worst,1
ngomong,1
kurmed,1
memanage,1
malas,1
setress,1
attitude,1
tata,1
krama,1
turun,1
gaul,1
pol,1
kegblgnunfaedh,1
sepakatkurikulum,1
adabpadahal,1
kakak,1
gmn,1
maksimal,1
nugas,1
sambil,1
misuh2,1
httpstcoffjojr1cgk,1
httpstcowkf3xmva4h,1
leonardo,1
da,1
vinci,1
jenius,1
nyaris,1
formal,1
apkh,1
idealisme,1
fakta,1
yah,1
bamyak,1
layak,1
lancar,1
cukup,1
prihatin,1
httpstcobdwq9emmpe,1
httpstco3acjxddtxx,1
tukertukeran,1
mahasiswa,1
prodi,1
linier,1
sarjana,1
httpstcop8jugozsqe,1
once,1
again,1
berkat,1
lah,1
investasi,1
elit,1
bangun,1
startup,1
aslim,1
pts,1
httpstcovkgqimngqo,1
cerna,1
dua,1
sederhana,1
jengkel,1
coba,1
smanya,1
eh,1
bidang,1
capable,1
tom5helby,1
instan,1
dannidivendra,1
rasain,1
prinsip,1
alur,1
modul,1
ima,1
ilmayatie,1
mpd,1
httpstco3tpze9agnj,1
tribungorontalo,1
httpstcousjpep2feg,1
beritasatu,1
news,1
akidah,1
akhlak,1
httpstcoegc2ansxx8,1
httpstco73z00sjtct,1
3841,1
kuncijawabankelas11,1
bahasaindonesia,1
teksberita,1
pesawatcn235,1
httpstcozx8m2upfkk,1
sbdp,1
httpstcoikb0jvd1ya,1
httpstcozwrlau5dke,1
httpstcoea4yylmzyy,1
islam,1
httpstconq4i1jya0z,1
buddha,1
httpstcok1o6vp7kz4,1
httpstco6bjho47f4f,1
httpstcosvtpzjasrq,1
httpstcoxzzihybvcv,1
httpstco2aabqhnuo8,1
httpstcoobprxcjuda,1
httpstco5ifnltyxmm,1
httpstcoccmqbrtay2,1
erti,1
lekat,1
relevan,1
medcomid,1
mudamemberiarti,1
httpstcod1qggmbvci,1
jawa,1
httpstcoznly20igk2,1
httpstconq9d69w6jf,1
httpstcoscelmvn541,1
httpstcozbx1r7r7b8,1
bahas,1
9,1
49,1
kuncijawaban,1
bahasainggris,1
kelas9,1
gandhijayanti,1
treasure,1
httpstcow23nefdf64,1
muntot,1
perangkatajarsmp,1
httpstcouyrl2iehsv,1
perangkatajarsma,1
httpstcoqttqxlifin,1
ciriciri,1
deklaratif,1
httpstcocvpydaj6ne,1
httpstcofic4zsjzeu,1
jusufkalla,1
satusuaramedia,1
satusuaranusantara,1
